season,model,prevalence,roc_auc,pr_auc,lift_top10,recall_top10
2009,B1_all,0.29821658393086964,0.759560383862576,0.5384540313031696,2.272818102940521,0.22732359772010358
2009,B1_last3,0.29821658393086964,0.7186554601760506,0.4851171825387688,2.1613061951235326,0.21617035671027796
2009,B2_smooth,0.29821658393086964,0.7122503744847101,0.5234008045435145,2.214927373118287,0.22153346037439747
2009,M2_noterrain,0.29821658393086964,0.7700885163298592,0.584166415037433,2.2930432653949375,0.22934648581997533
2009,M1,0.29821658393086964,0.7808121690651887,0.5961143812147006,2.28071507579604,0.2281134401972873
2009,M2,0.29821658393086964,0.7751411929304521,0.5908488922488425,2.3670124029883226,0.23674475955610358
2010,B1_all,0.3430777716492002,0.7600503688344975,0.5941421720148898,2.1926124679678862,0.21930155958347677
2010,B1_last3,0.3430777716492002,0.7178587080848415,0.5362656853124272,2.079246356552892,0.2079628641229589
2010,B2_smooth,0.3430777716492002,0.7240714192936244,0.5663295837072423,2.0448640745111213,0.20452400377533556
2010,M2_noterrain,0.3430777716492002,0.777360437291836,0.6362120151303148,2.2182416777000187,0.22186495176848875
2010,M1,0.3430777716492002,0.777407608390786,0.6348243878282358,2.2075255343294873,0.2207931404072883
2010,M2,0.3430777716492002,0.7775794191820337,0.6396392473040075,2.245032036126348,0.2245444801714898
2011,B1_all,0.13973156830299688,0.7441784963048785,0.2918330239617299,2.7021870450864207,0.27026838619728133
2011,B1_last3,0.13973156830299688,0.72360251853185,0.26938144519336804,2.6287802891514636,0.26292636096679467
2011,B2_smooth,0.13973156830299688,0.7109295733456317,0.28141321806086167,2.4521195392936854,0.24525703794369644
2011,M2_noterrain,0.13973156830299688,0.7560525190942734,0.3304799166805297,2.69687258126935,0.26973684210526316
2011,M1,0.13973156830299688,0.7624528970427779,0.3307840463948529,2.7758054373065018,0.2776315789473684
2011,M2,0.13973156830299688,0.7662986074397364,0.33996079406094176,2.854738293343653,0.2855263157894737
2012,B1_all,0.3559477845192131,0.7795051850479989,0.6397896757961293,2.226152147156451,0.22265614415390866
2012,B1_last3,0.3559477845192131,0.7107282453292691,0.5393852082462907,1.9523032356866903,0.19526621809405398
2012,B2_smooth,0.3559477845192131,0.6602451735584374,0.5110905347575195,1.867158065447253,0.18675013561377196
2012,M2_noterrain,0.3559477845192131,0.7834807473169396,0.6582618508734877,2.1793513763976664,0.21797520661157024
2012,M1,0.3559477845192131,0.7859681371103399,0.6696083804183789,2.2723094919786098,0.22727272727272727
2012,M2,0.3559477845192131,0.783805955579987,0.6602000063165114,2.1896800559066603,0.2190082644628099
2013,B1_all,0.29637801066372493,0.77946277299662,0.5785653743207888,2.38571573359417,0.2386154364911249
2013,B1_last3,0.29637801066372493,0.7327913168871301,0.4921247743615897,2.119144905224005,0.21195345255412
2013,B2_smooth,0.29637801066372493,0.7520446987287012,0.5568995351680224,2.262897559171598,0.22633136094674558
2013,M2_noterrain,0.29637801066372493,0.7822545794184068,0.6127166398951334,2.4561241059699315,0.2456575682382134
2013,M1,0.29637801066372493,0.7836631262396413,0.6090926052712943,2.4499217723689974,0.24503722084367247
2013,M2,0.29637801066372493,0.7848816947106266,0.6152742289225046,2.4809334403736685,0.24813895781637718
2014,B1_all,0.2864497150211436,0.7792247806121724,0.5596429130085112,2.4286970337998937,0.2429143567543927
2014,B1_last3,0.2864497150211436,0.7230743634685157,0.47321242454998275,2.1323005429089776,0.21326925819865486
2014,B2_smooth,0.2864497150211436,0.7245766131633027,0.5150620477703489,2.244286587969702,0.22446992165021468
2014,M2_noterrain,0.2864497150211436,0.7777824819840842,0.5754635950048019,2.406489513327796,0.24069319640564826
2014,M1,0.2864497150211436,0.7825459870161701,0.5787456123768153,2.3808202918522996,0.2381258023106547
2014,M2,0.2864497150211436,0.780624245236743,0.5792210777844342,2.3679856811145514,0.23684210526315788
2015,B1_all,0.2893914322485751,0.7882433003315521,0.5756800076679001,2.45397833450991,0.24544295164063082
2015,B1_last3,0.2893914322485751,0.7352602362780698,0.4905446118060597,2.2828934995114656,0.22833132262074596
2015,B2_smooth,0.2893914322485751,0.7319086349821073,0.5187957283974433,2.2607960811980594,0.22612117451217953
2015,M2_noterrain,0.2893914322485751,0.7928285644307316,0.607275226439229,2.439195754540698,0.24396442185514614
2015,M1,0.2893914322485751,0.7915417250896275,0.6011251337155115,2.445547826818148,0.2445997458703939
2015,M2,0.2893914322485751,0.7956239900978217,0.6022607122952743,2.362970887211301,0.2363405336721728
2016,B1_all,0.25703254274682846,0.7117898125048014,0.4352794793353209,2.193640121870051,0.2194043438678632
2016,B1_last3,0.25703254274682846,0.679926143297297,0.39482916684367636,2.1058997349288973,0.21062869200244902
2016,B2_smooth,0.25703254274682846,0.6729178637138147,0.38809633351385836,1.8770121611851918,0.1877357263623358
2016,M2_noterrain,0.25703254274682846,0.7119608951027363,0.4522099504707921,2.1526800366069176,0.21530758226037197
2016,M1,0.25703254274682846,0.7176581314771093,0.45275937496703633,2.0454036228225196,0.20457796852646637
2016,M2,0.25703254274682846,0.7160083748162168,0.45005061926898904,2.1240729929310778,0.21244635193133046
2017,B1_all,0.172274315131458,0.6987961475203479,0.29861759476996536,2.1421658859929726,0.21425597388861503
2017,B1_last3,0.172274315131458,0.6661473117367024,0.2693339934441998,2.113814856758618,0.21142034971073512
2017,B2_smooth,0.172274315131458,0.6201931123224256,0.23672231869628424,1.7174257643292108,0.1717741525639071
2017,M2_noterrain,0.172274315131458,0.6957970061450218,0.30119099416635786,2.059386574800678,0.20597652081109924
2017,M1,0.172274315131458,0.7018694881013394,0.29859680299068514,2.134079352125055,0.21344717182497333
2017,M2,0.172274315131458,0.7006321630087802,0.30285766165844913,2.102068161843179,0.2102454642475987
2018,B1_all,0.12318440889869461,0.7186718952939224,0.2447050744034051,2.2315666180404854,0.22319769079132637
2018,B1_last3,0.12318440889869461,0.6637849231510721,0.2001631928281071,2.1958039264001856,0.21962076410400827
2018,B2_smooth,0.12318440889869461,0.6845640219952868,0.23900947585662885,2.3759166967928524,0.2376353526485221
2018,M2_noterrain,0.12318440889869461,0.6956859130641613,0.22682810200791276,1.9996323529411766,0.2
2018,M1,0.12318440889869461,0.7007526844702885,0.2276138349930648,2.163781277436348,0.21641791044776118
2018,M2,0.12318440889869461,0.7030914832422079,0.23577167382714959,2.1190133889376646,0.21194029850746268
2019,B1_all,0.28424342710056993,0.7031108511013731,0.463533636502188,1.9685166351937122,0.19688785613998516
2019,B1_last3,0.28424342710056993,0.6400939723635716,0.385646394071779,1.7992559802555717,0.17995867866501764
2019,B2_smooth,0.28424342710056993,0.6169758039191318,0.37396767462617697,1.7176660832508945,0.1717981888745149
2019,M2_noterrain,0.28424342710056993,0.7037643277199365,0.48238836363102316,2.0759443250133174,0.2076326002587322
2019,M1,0.28424342710056993,0.7112409276742779,0.4836195720706491,2.030674511072217,0.20310478654592498
2019,M2,0.28424342710056993,0.7107206220472676,0.4913769074244,2.024207394794917,0.20245795601552394
2020,B1_all,0.30538701967273396,0.6734774888936836,0.46027937352016673,1.8162059491576172,0.18165398719281922
2020,B1_last3,0.30538701967273396,0.625941355717964,0.3976810586760184,1.7319812755699455,0.17322997130171913
2020,B2_smooth,0.30538701967273396,0.6550388844570215,0.4406299212157755,1.7401381609236108,0.1740458098073992
2020,M2_noterrain,0.30538701967273396,0.6876198556298403,0.5005204285310284,1.9623123030066933,0.1962673088500903
2020,M1,0.30538701967273396,0.6946080942010671,0.50037064011034,1.9502735772213762,0.1950632149307646
2020,M2,0.30538701967273396,0.6977865292550521,0.5094469392785969,2.0345446577185964,0.20349187236604455
2021,B1_all,0.16896488325059753,0.7131309763401927,0.3128513313131415,2.289779091723741,0.22902000843863118
2021,B1_last3,0.16896488325059753,0.6568130278197734,0.26697542915420147,2.109538757803104,0.21099266119597143
2021,B2_smooth,0.16896488325059753,0.6620298371642898,0.2642184399796466,2.0599234676722165,0.20603021996942192
2021,M2_noterrain,0.16896488325059753,0.7267311525609792,0.34252408621923514,2.436983933943545,0.24374319912948858
2021,M1,0.16896488325059753,0.7364355734879198,0.34952622817775403,2.5022602893170327,0.250272034820457
2021,M2,0.16896488325059753,0.7394150769882616,0.3521362505985328,2.447863326505793,0.24483133841131666
2022,B1_all,0.07574921860636147,0.7627281128507999,0.19962326478277023,3.274633334971545,0.3275235400302483
2022,B1_last3,0.07574921860636147,0.6904178600605275,0.1373743125168846,2.413501538082135,0.24139452780229478
2022,B2_smooth,0.07574921860636147,0.6830312912215784,0.15804847841097522,2.5239505734118315,0.25244146202170187
2022,M2_noterrain,0.07574921860636147,0.7721321852288903,0.21505246794472804,3.3003640776699026,0.3300970873786408
2022,M1,0.07574921860636147,0.7835204459028045,0.2280926363336008,3.3731662264420326,0.33737864077669905
2022,M2,0.07574921860636147,0.7825704786386521,0.22164832320688602,3.324631460593946,0.3325242718446602
2023,B1_all,0.22099650671079243,0.7320982219469794,0.41983967347831413,2.275372005603406,0.22757903494176374
2023,B1_last3,0.22099650671079243,0.6425640021724471,0.3174330677950274,2.0671740114515025,0.20675540765391015
2023,B2_smooth,0.22099650671079243,0.6353862278941124,0.3472756925258575,2.19250479522421,0.21929079032946688
2023,M2_noterrain,0.22099650671079243,0.7457274615472521,0.4620260407575505,2.478745595576001,0.24792013311148087
2023,M1,0.22099650671079243,0.7573733416534554,0.4683478161195902,2.536971163257316,0.25374376039933444
2023,M2,0.22099650671079243,0.7539082058578318,0.46782768015347,2.4537917808554366,0.2454242928452579
2024,B1_all,0.24287552858981432,0.7200815900650712,0.42952894725125335,2.1311417197439857,0.2131533545763428
2024,B1_last3,0.24287552858981432,0.6548180859938404,0.3646417609066403,2.2446832226322866,0.22450959240889207
2024,B2_smooth,0.24287552858981432,0.6632718601409812,0.3610111709618584,1.7548411965088835,0.17551638369200823
2024,M2_noterrain,0.24287552858981432,0.738466377370963,0.4599649007068506,2.2705893485327517,0.22710068130204392
2024,M1,0.24287552858981432,0.7424409150352269,0.4580178419274753,2.1797657745914414,0.21801665404996215
2024,M2,0.24287552858981432,0.7510484610132802,0.4723073397079219,2.2630207173709755,0.22634367903103708
2025,B1_all,0.11803640375068947,0.7351581693387026,0.25480167537735005,2.5406988730071465,0.25411659991099245
2025,B1_last3,0.11803640375068947,0.6466098359761454,0.19331005932795606,2.299531103940952,0.22999538895824193
2025,B2_smooth,0.11803640375068947,0.6727062669620225,0.19096574203486857,1.9733422396362312,0.19737050530651037
2025,M2_noterrain,0.11803640375068947,0.7407642821935049,0.28124502141449736,2.694208699835074,0.26947040498442365
2025,M1,0.11803640375068947,0.7568755654007534,0.29178730385260454,2.7876494639912037,0.278816199376947
2025,M2,0.11803640375068947,0.7534855962027148,0.2856490070502669,2.7409290819131393,0.27414330218068533
2026,B1_all,0.2592388306674021,0.7400198736465589,0.45625658749236697,2.0041202610858506,0.20044887332794684
2026,B1_last3,0.2592388306674021,0.6718999135698808,0.38257075227555243,1.9722149861261464,0.19725775923012018
2026,B2_smooth,0.2592388306674021,0.6327366838646762,0.3634433211640081,1.8276053007183635,0.18279413193432428
2026,M2_noterrain,0.2592388306674021,0.7470642804208496,0.47957071589726763,2.219450093867334,0.22198581560283687
2026,M1,0.2592388306674021,0.766731621277652,0.5002073456555767,2.247813673341677,0.22482269503546098
2026,M2,0.2592388306674021,0.7629103890411537,0.49390996986733,2.2123591989987483,0.22127659574468084
