season,baseline,prevalence,roc_auc,pr_auc,prec_top10,recall_top10,lift_top10,lift_max
2006,B0_last_year,0.244714101856959,0.6311849046444717,0.3266693414326017,0.41357234314980795,0.16903332432268633,1.6900225202042114,4.086401202103682
2006,B1_last3,0.244714101856959,0.7123399798235033,0.40659807884010835,0.5391299876593995,0.2203506486000851,2.203101429661513,4.086401202103682
2006,B1_all,0.244714101856959,0.7123399798235033,0.40659807884010835,0.5391299876593995,0.2203506486000851,2.203101429661513,4.086401202103682
2006,B2_smooth,0.244714101856959,0.7404450607453014,0.4751457413302259,0.5943586871834826,0.24292346042660748,2.428788053787349,4.086401202103682
2007,B0_last_year,0.3673469387755102,0.6186912719170784,0.45637221729311456,0.5927873779113448,0.16139956635824404,1.6136989732031053,2.722222222222222
2007,B1_last3,0.3673469387755102,0.7208773725774598,0.555101644045004,0.7016123230113963,0.19102958144054033,1.9099446570865788,2.722222222222222
2007,B1_all,0.3673469387755102,0.7349672398350108,0.5785799463583046,0.7288344676713661,0.1984414166232348,1.9840493842164963,2.722222222222222
2007,B2_smooth,0.3673469387755102,0.7215196888257045,0.5796727046131697,0.7024101307189542,0.19124680235791347,1.912116466957153,2.722222222222222
2008,B0_last_year,0.2301893730465159,0.6478941551172769,0.3150928933106021,0.3728728728728729,0.16201505019396395,1.6198526801561948,4.344249201277956
2008,B1_last3,0.2301893730465159,0.7359812549264383,0.4193389050427329,0.5625303398058252,0.24442212847793043,2.443771979396073,4.344249201277956
2008,B1_all,0.2301893730465159,0.762786897066914,0.4571075130999256,0.596561418685121,0.2592087953392219,2.5916114666360808,4.344249201277956
2008,B2_smooth,0.2301893730465159,0.7495583851125993,0.45922683452654167,0.5677409261576971,0.2466861532186799,2.466408064993382,4.344249201277956
2009,B0_last_year,0.29821658393086964,0.6281009869856671,0.3937164778371604,0.531150159744409,0.17814160721390782,1.781088605949347,3.3532675709001234
2009,B1_last3,0.29821658393086964,0.7186554601760506,0.4851171825387688,0.6445373503383655,0.21617035671027796,2.1613061951235326,3.3532675709001234
2009,B1_all,0.29821658393086964,0.759560383862576,0.5384540313031696,0.6777920505551618,0.22732359772010358,2.272818102940521,3.3532675709001234
2009,B2_smooth,0.29821658393086964,0.7122503744847101,0.5234008045435145,0.6605280748663102,0.22153346037439747,2.214927373118287,3.3532675709001234
2010,B0_last_year,0.3430777716492002,0.6327799690965557,0.4379402029982842,0.5437731196054254,0.15852764044231052,1.584984993319351,2.914790996784566
2010,B1_last3,0.3430777716492002,0.7178587080848415,0.5362656853124272,0.7133432067158847,0.2079628641229589,2.079246356552892,2.914790996784566
2010,B1_all,0.3430777716492002,0.7600503688344975,0.5941421720148898,0.7522365996006758,0.21930155958347677,2.1926124679678862,2.914790996784566
2010,B2_smooth,0.3430777716492002,0.7240714192936244,0.5663295837072423,0.7015474100087796,0.20452400377533556,2.0448640745111213,2.914790996784566
2011,B0_last_year,0.13973156830299688,0.6370906963926165,0.19534926529100066,0.23579849946409429,0.16878208382693066,1.687510577085801,7.156578947368421
2011,B1_last3,0.13973156830299688,0.72360251853185,0.26938144519336804,0.36732359252713964,0.26292636096679467,2.6287802891514636,7.156578947368421
2011,B1_all,0.13973156830299688,0.7441784963048785,0.2918330239617299,0.3775808336579665,0.27026838619728133,2.7021870450864207,7.156578947368421
2011,B2_smooth,0.13973156830299688,0.7109295733456317,0.28141321806086167,0.3426385088919289,0.24525703794369644,2.4521195392936854,7.156578947368421
2012,B0_last_year,0.3559477845192131,0.5751792147462742,0.41430583092835316,0.6026315789473684,0.16933449325793823,1.693033655937364,2.809400826446281
2012,B1_last3,0.3559477845192131,0.7107282453292691,0.5393852082462907,0.6949180114523685,0.19526621809405398,1.9523032356866903,2.809400826446281
2012,B1_all,0.3559477845192131,0.7795051850479989,0.6397896757961293,0.792393924783028,0.22265614415390866,2.226152147156451,2.809400826446281
2012,B2_smooth,0.3559477845192131,0.6602451735584374,0.5110905347575195,0.6646107767431296,0.18675013561377196,1.867158065447253,2.809400826446281
2013,B0_last_year,0.29637801066372493,0.6636393594941519,0.40878249188235577,0.4881198347107438,0.16472530402149171,1.6469502363472306,3.3740694789081886
2013,B1_last3,0.29637801066372493,0.7327913168871301,0.4921247743615897,0.6280679513184585,0.21195345255412,2.119144905224005,3.3740694789081886
2013,B1_all,0.29637801066372493,0.77946277299662,0.5785653743207888,0.7070736831317893,0.2386154364911249,2.38571573359417,3.3740694789081886
2013,B2_smooth,0.29637801066372493,0.7520446987287012,0.5568995351680224,0.670673076923077,0.22633136094674558,2.262897559171598,3.3740694789081886
2014,B0_last_year,0.2864497150211436,0.6480793828198931,0.39014538484274,0.4906947890818859,0.17133373893488185,1.7130224376228353,3.4910141206675225
2014,B1_last3,0.2864497150211436,0.7230743634685157,0.47321242454998275,0.6107968828557064,0.21326925819865486,2.1323005429089776,3.4910141206675225
2014,B1_all,0.2864497150211436,0.7792247806121724,0.5596429130085112,0.6956995732046762,0.2429143567543927,2.4286970337998937,3.4910141206675225
2014,B2_smooth,0.2864497150211436,0.7245766131633027,0.5150620477703489,0.6428752535496958,0.22446992165021468,2.244286587969702,3.4910141206675225
2015,B0_last_year,0.2893914322485751,0.6417651980517826,0.3887084866986818,0.49293966623876767,0.17036796596816367,1.7033664832736068,3.4555273189326554
2015,B1_last3,0.2893914322485751,0.7352602362780698,0.4905446118060597,0.6606498194945848,0.22833132262074596,2.2828934995114656,3.4555273189326554
2015,B1_all,0.2893914322485751,0.7882433003315521,0.5756800076679001,0.7101603049307958,0.24544295164063082,2.45397833450991,3.4555273189326554
2015,B2_smooth,0.2893914322485751,0.7319086349821073,0.5187957283974433,0.6542550159598723,0.22612117451217953,2.2607960811980594,3.4555273189326554
2016,B0_last_year,0.25703254274682846,0.6099632734429182,0.3227448065428756,0.4021601016518424,0.15649148447682568,1.5646271765982624,3.890557939914163
2016,B1_last3,0.25703254274682846,0.679926143297297,0.39482916684367636,0.5412847636386465,0.21062869200244902,2.1058997349288973,3.890557939914163
2016,B1_all,0.25703254274682846,0.7117898125048014,0.4352794793353209,0.5638368983957219,0.2194043438678632,2.193640121870051,3.890557939914163
2016,B2_smooth,0.25703254274682846,0.6729178637138147,0.38809633351385836,0.4824532085561497,0.1877357263623358,1.8770121611851918,3.890557939914163
2017,B0_last_year,0.172274315131458,0.5806884358760034,0.2072447987506221,0.2618025751072961,0.15199637231416124,1.5196843180454465,5.804695837780149
2017,B1_last3,0.172274315131458,0.6661473117367024,0.2693339934441998,0.3641560067627919,0.21142034971073512,2.113814856758618,5.804695837780149
2017,B1_all,0.172274315131458,0.6987961475203479,0.29861759476996536,0.3690401609074123,0.21425597388861503,2.1421658859929726,5.804695837780149
2017,B2_smooth,0.172274315131458,0.6201931123224256,0.23672231869628424,0.2958683473389356,0.1717741525639071,1.7174257643292108,5.804695837780149
2018,B0_last_year,0.12318440889869461,0.6026239112677334,0.16851164458485376,0.2518676627534685,0.20450150528042818,2.044639130919575,8.117910447761194
2018,B1_last3,0.12318440889869461,0.6637849231510721,0.2001631928281071,0.2704888087310396,0.21962076410400827,2.1958039264001856,8.117910447761194
2018,B1_all,0.12318440889869461,0.7186718952939224,0.2447050744034051,0.2748942147613762,0.22319769079132637,2.2315666180404854,8.117910447761194
2018,B2_smooth,0.12318440889869461,0.6845640219952868,0.23900947585662885,0.2926758938869666,0.2376353526485221,2.3759166967928524,8.117910447761194
2019,B0_last_year,0.28424342710056993,0.5472441330825986,0.3140210782692791,0.44029850746268656,0.15493039331157923,1.5490191345986755,3.518111254851229
2019,B1_last3,0.28424342710056993,0.6400939723635716,0.385646394071779,0.5114266860590391,0.17995867866501764,1.7992559802555717,3.518111254851229
2019,B1_all,0.28424342710056993,0.7031108511013731,0.463533636502188,0.5595379146919431,0.19688785613998516,1.9685166351937122,3.518111254851229
2019,B2_smooth,0.28424342710056993,0.6169758039191318,0.37396767462617697,0.4882352941176471,0.1717981888745149,1.7176660832508945,3.518111254851229
2020,B0_last_year,0.30538701967273396,0.5879182178645085,0.3587138842933698,0.43661060802069857,0.1429958884787839,1.4296960246987234,3.274533413606261
2020,B1_last3,0.30538701967273396,0.625941355717964,0.3976810586760184,0.5289245998752858,0.17322997130171913,1.7319812755699455,3.274533413606261
2020,B1_all,0.30538701967273396,0.6734774888936836,0.46027937352016673,0.5546457219251337,0.18165398719281922,1.8162059491576172,3.274533413606261
2020,B2_smooth,0.30538701967273396,0.6550388844570215,0.4406299212157755,0.5314156067832538,0.1740458098073992,1.7401381609236108,3.274533413606261
2021,B0_last_year,0.16896488325059753,0.5958133118915327,0.2099035284740614,0.25707405177603854,0.15217441149745917,1.5214643826005154,5.918389553862895
2021,B1_last3,0.16896488325059753,0.6568130278197734,0.26697542915420147,0.356437969924812,0.21099266119597143,2.109538757803104,5.918389553862895
2021,B1_all,0.16896488325059753,0.7131309763401927,0.3128513313131415,0.38689225690276113,0.22902000843863118,2.289779091723741,5.918389553862895
2021,B2_smooth,0.16896488325059753,0.6620298371642898,0.2642184399796466,0.34805472822040207,0.20603021996942192,2.0599234676722165,5.918389553862895
2022,B0_last_year,0.07574921860636147,0.6002996440580091,0.10520405116684314,0.1588683351468988,0.20976789883474015,2.0972933855921907,10.0
2022,B1_last3,0.07574921860636147,0.6904178600605275,0.1373743125168846,0.18282085561497327,0.24139452780229478,2.413501538082135,10.0
2022,B1_all,0.07574921860636147,0.7627281128507999,0.19962326478277023,0.24805091634643806,0.3275235400302483,3.274633334971545,10.0
2022,B2_smooth,0.07574921860636147,0.6830312912215784,0.15804847841097522,0.1911872837370242,0.25244146202170187,2.5239505734118315,10.0
2023,B0_last_year,0.22099650671079243,0.5576429929348341,0.26437473233757053,0.4142223902690179,0.18746836963922275,1.874339085418626,4.52495840266223
2023,B1_last3,0.22099650671079243,0.6425640021724471,0.3174330677950274,0.45683823529411766,0.20675540765391015,2.0671740114515025,4.52495840266223
2023,B1_all,0.22099650671079243,0.7320982219469794,0.41983967347831413,0.5028492647058824,0.22757903494176374,2.275372005603406,4.52495840266223
2023,B2_smooth,0.22099650671079243,0.6353862278941124,0.3472756925258575,0.4845359006912118,0.21929079032946688,2.19250479522421,4.52495840266223
2024,B0_last_year,0.24287552858981432,0.595516388419005,0.30099448870595047,0.4018302828618968,0.16547742155705666,1.654470029133881,4.117335352006056
2024,B1_last3,0.24287552858981432,0.6548180859938404,0.3646417609066403,0.5451786242135045,0.22450959240889207,2.2446832226322866,4.117335352006056
2024,B1_all,0.24287552858981432,0.7200815900650712,0.42952894725125335,0.5176021716826265,0.2131533545763428,2.1311417197439857,4.117335352006056
2024,B2_smooth,0.24287552858981432,0.6632718601409812,0.3610111709618584,0.4262079831932773,0.17551638369200823,1.7548411965088835,4.117335352006056
2025,B0_last_year,0.11803640375068947,0.599849691882972,0.15390190020456568,0.2036336109008327,0.17254935253902334,1.7251763390804191,8.47196261682243
2025,B1_last3,0.11803640375068947,0.6466098359761454,0.19331005932795606,0.2714283818220429,0.22999538895824193,2.299531103940952,8.47196261682243
2025,B1_all,0.11803640375068947,0.7351581693387026,0.25480167537735005,0.29989495798319327,0.25411659991099245,2.5406988730071465,8.47196261682243
2025,B2_smooth,0.11803640375068947,0.6727062669620225,0.19096574203486857,0.232926221335992,0.19737050530651037,1.9733422396362312,8.47196261682243
2026,B0_last_year,0.2592388306674021,0.556281322116781,0.2961243419045311,0.4423676012461059,0.17067232275027067,1.7064094916152979,3.857446808510638
2026,B1_last3,0.2592388306674021,0.6718999135698808,0.38257075227555243,0.5112747068280689,0.19725775923012018,1.9722149861261464,3.857446808510638
2026,B1_all,0.2592388306674021,0.7400198736465589,0.45625658749236697,0.5195457930007445,0.20044887332794684,2.0041202610858506,3.857446808510638
2026,B2_smooth,0.2592388306674021,0.6327366838646762,0.3634433211640081,0.47378626107977434,0.18279413193432428,1.8276053007183635,3.857446808510638
