season,hotspots,burned_area_share,area_for_50pct,area_for_80pct
2003,2029,0.22908622908622908,0.06508549365692223,0.1546240117668689
2004,4118,0.39786725501011216,0.10296010296010295,0.2465526751241037
2005,2584,0.28718514432800146,0.08200036771465342,0.19231476374333517
2006,2205,0.244714101856959,0.0682110682110682,0.1636330207758779
2007,3840,0.3673469387755102,0.0943188086045229,0.22614451185879758
2008,2100,0.2301893730465159,0.06306306306306306,0.15296929582643867
2009,2841,0.29821658393086964,0.0827357970215113,0.19378562235705094
2010,3378,0.3430777716492002,0.09284794999080713,0.21897407611693326
2011,1118,0.13973156830299688,0.04044861187718331,0.09873138444567016
2012,3687,0.3559477845192131,0.09376723662437948,0.22044493473064902
2013,2875,0.29637801066372493,0.07887479316050745,0.19066004780290494
2014,2714,0.2864497150211436,0.08016179444750873,0.18679904394190108
2015,2746,0.2893914322485751,0.07832322118036404,0.18845375988233132
2016,2274,0.25703254274682846,0.07280750137892995,0.1735613164184593
2017,1322,0.172274315131458,0.0507446221731936,0.12373598087883803
2018,877,0.12318440889869461,0.04265489979775694,0.09100937672366244
2019,2555,0.28424342710056993,0.0766685052399338,0.190292333149476
2020,2748,0.30538701967273396,0.08622908622908623,0.20444934730649017
2021,1382,0.16896488325059753,0.049089906232763374,0.11822026107740394
2022,557,0.07574921860636147,0.024636881779738922,0.055341055341055344
2023,1949,0.22099650671079243,0.061408347122632836,0.14947600661886376
2024,2081,0.24287552858981432,0.0694980694980695,0.16639088067659497
2025,927,0.11803640375068947,0.03438132009560581,0.0840227983085126
2026,2369,0.2592388306674021,0.07354293068578782,0.172274315131458
