season,prev_area_share,p_if_prev,p_if_not,rel_risk,hot_share_in_prev,hot_lift
2004,0.22908622908622908,0.6099518459069021,0.33484378726448843,1.8216012036236755,0.41986401165614373,1.8327771744765375
2005,0.39786725501011216,0.4168207024029575,0.2015267175572519,2.0683148490449783,0.641640866873065,1.6127008664152498
2006,0.28718514432800146,0.41357234314980795,0.1766830023213825,2.3407590867033656,0.5387755102040817,1.8760563380281692
2007,0.244714101856959,0.5927873779113448,0.29430379746835444,2.0142022733331717,0.46041666666666664,1.8814472201352366
2008,0.3673469387755102,0.37287287287287285,0.14734088927637315,2.5306815691431073,0.65,1.7694444444444444
2009,0.2301893730465159,0.5311501597444089,0.22856460472892284,2.3238513258619022,0.4808166138683562,2.0887871907587776
2010,0.29821658393086964,0.5437731196054254,0.2577940791197275,2.109331298306818,0.5387803433984606,1.8066746533564904
2011,0.3430777716492002,0.2357984994640943,0.08956059333893088,2.632837620578778,0.6207513416815742,1.8093604219753923
2012,0.13973156830299688,0.6026315789473684,0.3158794614233811,1.9077896873442062,0.2855980471928397,2.0439049719498095
2013,0.3559477845192131,0.4881198347107438,0.19040822152440764,2.5635438995378346,0.6598260869565218,1.8537159540064678
2014,0.29637801066372493,0.49069478908188585,0.20041808204860204,2.448355877205185,0.5685335298452469,1.9182716307867853
2015,0.2864497150211436,0.49293966623876767,0.2076784333934553,2.3735717675839423,0.5524399126001457,1.9285755357074406
2016,0.2893914322485751,0.40216010165184246,0.1979301423027167,2.0318284874305506,0.5052770448548812,1.745998632125603
2017,0.25703254274682846,0.26180257510729615,0.1413016580054442,1.8527919544808822,0.41906202723146746,1.630385097361911
2018,0.172274315131458,0.2518676627534685,0.0964015992892048,2.6126917458896664,0.37058152793614596,2.1511130527691544
2019,0.12318440889869461,0.44029850746268656,0.26231914447473265,1.6784840784089146,0.21487279843444226,1.744318135350644
2020,0.28424342710056993,0.43661060802069857,0.25327510917030566,1.723859124771379,0.46033478893740903,1.6195090019602638
2021,0.30538701967273396,0.25707405177603854,0.13022763366860773,1.9740361130281983,0.5144717800289436,1.6846550340622661
2022,0.16896488325059753,0.1588683351468988,0.058849557522123896,2.6995671987367764,0.36804308797127466,2.1782223672206342
2023,0.07574921860636147,0.4830097087378641,0.19952257807837676,2.4208273238536817,0.20625962031811185,2.722927366286918
2024,0.22099650671079243,0.4018302828618968,0.19778144913854143,2.031688434947323,0.39692455550216243,1.7960671026424804
2025,0.24287552858981432,0.2036336109008327,0.09057795046138903,2.2481587391142868,0.44660194174757284,1.8388099630318309
2026,0.11803640375068947,0.4423676012461059,0.2347300396080884,1.8845802692518385,0.21865766146053187,1.8524595337754406
