block,window_start,window_end,images,nbr_burned,nbr_ring,gap,gap_change
"52,220",2026-03-01,2026-03-11,4,-0.181,-0.044,-0.137,0.0
"52,220",2026-03-11,2026-03-21,4,-0.094,0.033,-0.127,0.01
"52,220",2026-03-21,2026-04-01,4,-0.037,0.043,-0.08,0.057
"52,220",2026-04-01,2026-04-11,4,-0.053,0.015,-0.068,0.068
"52,220",2026-04-11,2026-04-21,6,-0.076,0.006,-0.083,0.054
"52,220",2026-04-21,2026-05-01,4,-0.104,-0.03,-0.074,0.062
"52,220",2026-05-01,2026-05-11,6,-0.152,-0.042,-0.11,0.027
"52,220",2026-05-11,2026-05-21,2,,,,
"52,220",2026-05-21,2026-06-01,4,0.055,0.09,-0.036,0.101
"46,216",2026-03-01,2026-03-11,4,-0.146,0.124,-0.271,0.0
"46,216",2026-03-11,2026-03-21,3,-0.094,0.166,-0.26,0.011
"46,216",2026-03-21,2026-04-01,5,-0.078,0.18,-0.258,0.012
"46,216",2026-04-01,2026-04-11,5,-0.091,0.149,-0.24,0.031
"46,216",2026-04-11,2026-04-21,6,-0.061,0.148,-0.209,0.062
"46,216",2026-04-21,2026-05-01,4,-0.05,0.163,-0.212,0.058
"46,216",2026-05-01,2026-05-11,6,-0.074,0.153,-0.227,0.044
"46,216",2026-05-11,2026-05-21,1,,,,
"46,216",2026-05-21,2026-06-01,3,0.215,0.311,-0.096,0.175
"41,207",2026-03-01,2026-03-11,4,-0.113,0.205,-0.318,0.0
"41,207",2026-03-11,2026-03-21,4,-0.089,0.219,-0.308,0.01
"41,207",2026-03-21,2026-04-01,5,-0.081,0.233,-0.314,0.004
"41,207",2026-04-01,2026-04-11,4,-0.068,0.226,-0.294,0.024
"41,207",2026-04-11,2026-04-21,6,-0.14,0.18,-0.321,-0.003
"41,207",2026-04-21,2026-05-01,4,-0.137,0.164,-0.301,0.016
"41,207",2026-05-01,2026-05-11,4,-0.108,0.167,-0.275,0.043
"41,207",2026-05-11,2026-05-21,1,,,,
"41,207",2026-05-21,2026-06-01,4,0.051,0.307,-0.256,0.061
